t,total_trade_value,total_trade_quantity
2016,15020246458.340393,14645456633.296083
2017,16843349981.925829,16068454328.648388
2018,18361538357.996017,15007771926.829603
