total_trade_value_usd,total_trade_quantity
50225134798.26224,45721682888.77408
