Metric,Train,Test
MAE,332422.9997588433,503933.1695468153
MSE,4507867248994.605,12389767036735.988
RMSE,2123173.8621682883,3519910.0892971666
R²,0.8639975518150073,0.7265074230019011
