metric,train,test
MAE,383209.7687191345,574363.4306379155
MSE,4946659631732.542,13734557805640.424
RMSE,2224108.7274979483,3706016.4335362064
R²,0.8507591765477241,0.6968224182862821
