Feature,Importance,Importance %
gdp_product,2.630816625357365e+18,30.657629098806606
exporter_gdp,2.627877241278259e+18,30.62337564837316
importer_gdp,2.431399391665052e+18,28.333765273589023
exporter,4.2643836165729485e+17,4.969403416103243
importer,4.0863610653260186e+17,4.761948844973251
year,5.611106998287565e+16,0.6538777181547228
log_exporter_gdp,0.0,0.0
log_importer_gdp,0.0,0.0
log_gdp_product,0.0,0.0
